date,sunrise,sunset,day_length
"1 January 2019, Tuesday",08:06,16:01,07:54
"2 January 2019, Wednesday",08:06,16:02,07:55
"3 January 2019, Thursday",08:06,16:03,07:56
"4 January 2019, Friday",08:06,16:04,07:58
"5 January 2019, Saturday",08:06,16:05,07:59
"6 January 2019, Sunday",08:05,16:06,08:01
"7 January 2019, Monday",08:05,16:08,08:02
"8 January 2019, Tuesday",08:04,16:09,08:04
"9 January 2019, Wednesday",08:04,16:10,08:06
"10 January 2019, Thursday",08:03,16:12,08:08
"11 January 2019, Friday",08:03,16:13,08:10
"12 January 2019, Saturday",08:02,16:15,08:12
"13 January 2019, Sunday",08:01,16:16,08:14
"14 January 2019, Monday",08:01,16:18,08:16
"15 January 2019, Tuesday",08:00,16:19,08:19
"16 January 2019, Wednesday",07:59,16:21,08:21
"17 January 2019, Thursday",07:58,16:22,08:24
"18 January 2019, Friday",07:57,16:24,08:26
"19 January 2019, Saturday",07:56,16:26,08:29
"20 January 2019, Sunday",07:55,16:27,08:32
"21 January 2019, Monday",07:54,16:29,08:34
"22 January 2019, Tuesday",07:53,16:31,08:37
"23 January 2019, Wednesday",07:52,16:32,08:40
"24 January 2019, Thursday",07:51,16:34,08:43
"25 January 2019, Friday",07:49,16:36,08:46
"26 January 2019, Saturday",07:48,16:37,08:49
"27 January 2019, Sunday",07:47,16:39,08:52
"28 January 2019, Monday",07:45,16:41,08:55
"29 January 2019, Tuesday",07:44,16:43,08:58
"30 January 2019, Wednesday",07:43,16:45,09:02
"31 January 2019, Thursday",07:41,16:46,09:05
"1 February 2019, Friday",07:40,16:48,09:08
"2 February 2019, Saturday",07:38,16:50,09:11
"3 February 2019, Sunday",07:36,16:52,09:15
"4 February 2019, Monday",07:35,16:54,09:18
"5 February 2019, Tuesday",07:33,16:55,09:22
"6 February 2019, Wednesday",07:32,16:57,09:25
"7 February 2019, Thursday",07:30,16:59,09:29
"8 February 2019, Friday",07:28,17:01,09:32
"9 February 2019, Saturday",07:26,17:03,09:36
"10 February 2019, Sunday",07:25,17:05,09:39
"11 February 2019, Monday",07:23,17:06,09:43
"12 February 2019, Tuesday",07:21,17:08,09:47
"13 February 2019, Wednesday",07:19,17:10,09:50
"14 February 2019, Thursday",07:17,17:12,09:54
"15 February 2019, Friday",07:15,17:14,09:58
"16 February 2019, Saturday",07:13,17:15,10:02
"17 February 2019, Sunday",07:11,17:17,10:05
"18 February 2019, Monday",07:10,17:19,10:09
"19 February 2019, Tuesday",07:08,17:21,10:13
"20 February 2019, Wednesday",07:06,17:23,10:17
"21 February 2019, Thursday",07:04,17:25,10:21
"22 February 2019, Friday",07:02,17:26,10:24
"23 February 2019, Saturday",06:59,17:28,10:28
"24 February 2019, Sunday",06:57,17:30,10:32
"25 February 2019, Monday",06:55,17:32,10:36
"26 February 2019, Tuesday",06:53,17:33,10:40
"27 February 2019, Wednesday",06:51,17:35,10:44
"28 February 2019, Thursday",06:49,17:37,10:48
"1 March 2019, Friday",06:47,17:39,10:51
"2 March 2019, Saturday",06:45,17:41,10:55
"3 March 2019, Sunday",06:43,17:42,10:59
"4 March 2019, Monday",06:40,17:44,11:03
"5 March 2019, Tuesday",06:38,17:46,11:07
"6 March 2019, Wednesday",06:36,17:48,11:11
"7 March 2019, Thursday",06:34,17:49,11:15
"8 March 2019, Friday",06:32,17:51,11:19
"9 March 2019, Saturday",06:29,17:53,11:23
"10 March 2019, Sunday",06:27,17:54,11:27
"11 March 2019, Monday",06:25,17:56,11:31
"12 March 2019, Tuesday",06:23,17:58,11:35
"13 March 2019, Wednesday",06:20,18:00,11:39
"14 March 2019, Thursday",06:18,18:01,11:43
"15 March 2019, Friday",06:16,18:03,11:47
"16 March 2019, Saturday",06:14,18:05,11:51
"17 March 2019, Sunday",06:11,18:06,11:55
"18 March 2019, Monday",06:09,18:08,11:59
"19 March 2019, Tuesday",06:07,18:10,12:03
"20 March 2019, Wednesday",06:05,18:12,12:06
"21 March 2019, Thursday",06:02,18:13,12:10
"22 March 2019, Friday",06:00,18:15,12:14
"23 March 2019, Saturday",05:58,18:17,12:18
"24 March 2019, Sunday",05:55,18:18,12:22
"25 March 2019, Monday",05:53,18:20,12:26
"26 March 2019, Tuesday",05:51,18:22,12:30
"27 March 2019, Wednesday",05:49,18:23,12:34
"28 March 2019, Thursday",05:46,18:25,12:38
"29 March 2019, Friday",05:44,18:27,12:42
"30 March 2019, Saturday",05:42,18:28,12:46
"31 March 2019, Sunday",06:40,19:30,12:50
"1 April 2019, Monday",06:37,19:32,12:54
"2 April 2019, Tuesday",06:35,19:33,12:58
"3 April 2019, Wednesday",06:33,19:35,13:02
"4 April 2019, Thursday",06:31,19:37,13:06
"5 April 2019, Friday",06:28,19:38,13:10
"6 April 2019, Saturday",06:26,19:40,13:13
"7 April 2019, Sunday",06:24,19:42,13:17
"8 April 2019, Monday",06:22,19:43,13:21
"9 April 2019, Tuesday",06:19,19:45,13:25
"10 April 2019, Wednesday",06:17,19:47,13:29
"11 April 2019, Thursday",06:15,19:48,13:33
"12 April 2019, Friday",06:13,19:50,13:37
"13 April 2019, Saturday",06:11,19:52,13:41
"14 April 2019, Sunday",06:08,19:53,13:44
"15 April 2019, Monday",06:06,19:55,13:48
"16 April 2019, Tuesday",06:04,19:57,13:52
"17 April 2019, Wednesday",06:02,19:58,13:56
"18 April 2019, Thursday",06:00,20:00,14:00
"19 April 2019, Friday",05:58,20:02,14:03
"20 April 2019, Saturday",05:56,20:03,14:07
"21 April 2019, Sunday",05:54,20:05,14:11
"22 April 2019, Monday",05:52,20:07,14:15
"23 April 2019, Tuesday",05:50,20:08,14:18
"24 April 2019, Wednesday",05:47,20:10,14:22
"25 April 2019, Thursday",05:45,20:12,14:26
"26 April 2019, Friday",05:43,20:13,14:29
"27 April 2019, Saturday",05:42,20:15,14:33
"28 April 2019, Sunday",05:40,20:17,14:37
"29 April 2019, Monday",05:38,20:18,14:40
"30 April 2019, Tuesday",05:36,20:20,14:44
"1 May 2019, Wednesday",05:34,20:22,14:47
"2 May 2019, Thursday",05:32,20:23,14:51
"3 May 2019, Friday",05:30,20:25,14:54
"4 May 2019, Saturday",05:28,20:26,14:58
"5 May 2019, Sunday",05:26,20:28,15:01
"6 May 2019, Monday",05:25,20:30,15:04
"7 May 2019, Tuesday",05:23,20:31,15:08
"8 May 2019, Wednesday",05:21,20:33,15:11
"9 May 2019, Thursday",05:20,20:34,15:14
"10 May 2019, Friday",05:18,20:36,15:18
"11 May 2019, Saturday",05:16,20:38,15:21
"12 May 2019, Sunday",05:15,20:39,15:24
"13 May 2019, Monday",05:13,20:41,15:27
"14 May 2019, Tuesday",05:12,20:42,15:30
"15 May 2019, Wednesday",05:10,20:44,15:33
"16 May 2019, Thursday",05:09,20:45,15:36
"17 May 2019, Friday",05:07,20:47,15:39
"18 May 2019, Saturday",05:06,20:48,15:42
"19 May 2019, Sunday",05:04,20:50,15:45
"20 May 2019, Monday",05:03,20:51,15:47
"21 May 2019, Tuesday",05:02,20:52,15:50
"22 May 2019, Wednesday",05:00,20:54,15:53
"23 May 2019, Thursday",04:59,20:55,15:55
"24 May 2019, Friday",04:58,20:56,15:58
"25 May 2019, Saturday",04:57,20:58,16:00
"26 May 2019, Sunday",04:56,20:59,16:03
"27 May 2019, Monday",04:55,21:00,16:05
"28 May 2019, Tuesday",04:54,21:02,16:07
"29 May 2019, Wednesday",04:53,21:03,16:09
"30 May 2019, Thursday",04:52,21:04,16:12
"31 May 2019, Friday",04:51,21:05,16:14
"1 June 2019, Saturday",04:50,21:06,16:15
"2 June 2019, Sunday",04:49,21:07,16:17
"3 June 2019, Monday",04:49,21:08,16:19
"4 June 2019, Tuesday",04:48,21:09,16:21
"5 June 2019, Wednesday",04:47,21:10,16:22
"6 June 2019, Thursday",04:47,21:11,16:24
"7 June 2019, Friday",04:46,21:12,16:25
"8 June 2019, Saturday",04:46,21:13,16:27
"9 June 2019, Sunday",04:45,21:14,16:28
"10 June 2019, Monday",04:45,21:14,16:29
"11 June 2019, Tuesday",04:44,21:15,16:30
"12 June 2019, Wednesday",04:44,21:16,16:31
"13 June 2019, Thursday",04:44,21:16,16:32
"14 June 2019, Friday",04:44,21:17,16:33
"15 June 2019, Saturday",04:44,21:17,16:33
"16 June 2019, Sunday",04:44,21:18,16:34
"17 June 2019, Monday",04:44,21:18,16:34
"18 June 2019, Tuesday",04:44,21:19,16:35
"19 June 2019, Wednesday",04:44,21:19,16:35
"20 June 2019, Thursday",04:44,21:19,16:35
"21 June 2019, Friday",04:44,21:20,16:35
"22 June 2019, Saturday",04:44,21:20,16:35
"23 June 2019, Sunday",04:44,21:20,16:35
"24 June 2019, Monday",04:45,21:20,16:35
"25 June 2019, Tuesday",04:45,21:20,16:35
"26 June 2019, Wednesday",04:45,21:20,16:34
"27 June 2019, Thursday",04:46,21:20,16:34
"28 June 2019, Friday",04:46,21:20,16:33
"29 June 2019, Saturday",04:47,21:20,16:32
"30 June 2019, Sunday",04:48,21:19,16:31
"1 July 2019, Monday",04:48,21:19,16:30
"2 July 2019, Tuesday",04:49,21:19,16:29
"3 July 2019, Wednesday",04:50,21:18,16:28
"4 July 2019, Thursday",04:50,21:18,16:27
"5 July 2019, Friday",04:51,21:17,16:26
"6 July 2019, Saturday",04:52,21:17,16:24
"7 July 2019, Sunday",04:53,21:16,16:23
"8 July 2019, Monday",04:54,21:16,16:21
"9 July 2019, Tuesday",04:55,21:15,16:20
"10 July 2019, Wednesday",04:56,21:14,16:18
"11 July 2019, Thursday",04:57,21:14,16:16
"12 July 2019, Friday",04:58,21:13,16:14
"13 July 2019, Saturday",04:59,21:12,16:12
"14 July 2019, Sunday",05:00,21:11,16:10
"15 July 2019, Monday",05:01,21:10,16:08
"16 July 2019, Tuesday",05:03,21:09,16:06
"17 July 2019, Wednesday",05:04,21:08,16:04
"18 July 2019, Thursday",05:05,21:07,16:01
"19 July 2019, Friday",05:06,21:06,15:59
"20 July 2019, Saturday",05:08,21:04,15:56
"21 July 2019, Sunday",05:09,21:03,15:54
"22 July 2019, Monday",05:10,21:02,15:51
"23 July 2019, Tuesday",05:12,21:01,15:49
"24 July 2019, Wednesday",05:13,20:59,15:46
"25 July 2019, Thursday",05:14,20:58,15:43
"26 July 2019, Friday",05:16,20:57,15:40
"27 July 2019, Saturday",05:17,20:55,15:37
"28 July 2019, Sunday",05:19,20:54,15:35
"29 July 2019, Monday",05:20,20:52,15:32
"30 July 2019, Tuesday",05:21,20:51,15:29
"31 July 2019, Wednesday",05:23,20:49,15:26
"1 August 2019, Thursday",05:24,20:47,15:22
"2 August 2019, Friday",05:26,20:46,15:19
"3 August 2019, Saturday",05:27,20:44,15:16
"4 August 2019, Sunday",05:29,20:42,15:13
"5 August 2019, Monday",05:30,20:41,15:10
"6 August 2019, Tuesday",05:32,20:39,15:06
"7 August 2019, Wednesday",05:34,20:37,15:03
"8 August 2019, Thursday",05:35,20:35,15:00
"9 August 2019, Friday",05:37,20:33,14:56
"10 August 2019, Saturday",05:38,20:32,14:53
"11 August 2019, Sunday",05:40,20:30,14:49
"12 August 2019, Monday",05:41,20:28,14:46
"13 August 2019, Tuesday",05:43,20:26,14:42
"14 August 2019, Wednesday",05:45,20:24,14:39
"15 August 2019, Thursday",05:46,20:22,14:35
"16 August 2019, Friday",05:48,20:20,14:32
"17 August 2019, Saturday",05:49,20:18,14:28
"18 August 2019, Sunday",05:51,20:16,14:25
"19 August 2019, Monday",05:52,20:14,14:21
"20 August 2019, Tuesday",05:54,20:12,14:17
"21 August 2019, Wednesday",05:56,20:10,14:14
"22 August 2019, Thursday",05:57,20:08,14:10
"23 August 2019, Friday",05:59,20:06,14:06
"24 August 2019, Saturday",06:00,20:03,14:03
"25 August 2019, Sunday",06:02,20:01,13:59
"26 August 2019, Monday",06:04,19:59,13:55
"27 August 2019, Tuesday",06:05,19:57,13:51
"28 August 2019, Wednesday",06:07,19:55,13:48
"29 August 2019, Thursday",06:08,19:53,13:44
"30 August 2019, Friday",06:10,19:50,13:40
"31 August 2019, Saturday",06:11,19:48,13:36
"1 September 2019, Sunday",06:13,19:46,13:32
"2 September 2019, Monday",06:15,19:44,13:29
"3 September 2019, Tuesday",06:16,19:42,13:25
"4 September 2019, Wednesday",06:18,19:39,13:21
"5 September 2019, Thursday",06:19,19:37,13:17
"6 September 2019, Friday",06:21,19:35,13:13
"7 September 2019, Saturday",06:23,19:33,13:09
"8 September 2019, Sunday",06:24,19:30,13:06
"9 September 2019, Monday",06:26,19:28,13:02
"10 September 2019, Tuesday",06:27,19:26,12:58
"11 September 2019, Wednesday",06:29,19:23,12:54
"12 September 2019, Thursday",06:31,19:21,12:50
"13 September 2019, Friday",06:32,19:19,12:46
"14 September 2019, Saturday",06:34,19:17,12:42
"15 September 2019, Sunday",06:35,19:14,12:38
"16 September 2019, Monday",06:37,19:12,12:35
"17 September 2019, Tuesday",06:38,19:10,12:31
"18 September 2019, Wednesday",06:40,19:07,12:27
"19 September 2019, Thursday",06:42,19:05,12:23
"20 September 2019, Friday",06:43,19:03,12:19
"21 September 2019, Saturday",06:45,19:00,12:15
"22 September 2019, Sunday",06:46,18:58,12:11
"23 September 2019, Monday",06:48,18:56,12:07
"24 September 2019, Tuesday",06:50,18:54,12:03
"25 September 2019, Wednesday",06:51,18:51,12:00
"26 September 2019, Thursday",06:53,18:49,11:56
"27 September 2019, Friday",06:54,18:47,11:52
"28 September 2019, Saturday",06:56,18:44,11:48
"29 September 2019, Sunday",06:58,18:42,11:44
"30 September 2019, Monday",06:59,18:40,11:40
"1 October 2019, Tuesday",07:01,18:38,11:36
"2 October 2019, Wednesday",07:03,18:35,11:32
"3 October 2019, Thursday",07:04,18:33,11:28
"4 October 2019, Friday",07:06,18:31,11:24
"5 October 2019, Saturday",07:08,18:29,11:21
"6 October 2019, Sunday",07:09,18:26,11:17
"7 October 2019, Monday",07:11,18:24,11:13
"8 October 2019, Tuesday",07:12,18:22,11:09
"9 October 2019, Wednesday",07:14,18:20,11:05
"10 October 2019, Thursday",07:16,18:17,11:01
"11 October 2019, Friday",07:17,18:15,10:57
"12 October 2019, Saturday",07:19,18:13,10:53
"13 October 2019, Sunday",07:21,18:11,10:50
"14 October 2019, Monday",07:23,18:09,10:46
"15 October 2019, Tuesday",07:24,18:07,10:42
"16 October 2019, Wednesday",07:26,18:04,10:38
"17 October 2019, Thursday",07:28,18:02,10:34
"18 October 2019, Friday",07:29,18:00,10:30
"19 October 2019, Saturday",07:31,17:58,10:27
"20 October 2019, Sunday",07:33,17:56,10:23
"21 October 2019, Monday",07:34,17:54,10:19
"22 October 2019, Tuesday",07:36,17:52,10:15
"23 October 2019, Wednesday",07:38,17:50,10:12
"24 October 2019, Thursday",07:40,17:48,10:08
"25 October 2019, Friday",07:41,17:46,10:04
"26 October 2019, Saturday",07:43,17:44,10:00
"27 October 2019, Sunday",06:45,16:42,09:57
"28 October 2019, Monday",06:47,16:40,09:53
"29 October 2019, Tuesday",06:48,16:38,09:49
"30 October 2019, Wednesday",06:50,16:36,09:46
"31 October 2019, Thursday",06:52,16:35,09:42
"1 November 2019, Friday",06:54,16:33,09:39
"2 November 2019, Saturday",06:55,16:31,09:35
"3 November 2019, Sunday",06:57,16:29,09:32
"4 November 2019, Monday",06:59,16:27,09:28
"5 November 2019, Tuesday",07:01,16:26,09:25
"6 November 2019, Wednesday",07:02,16:24,09:21
"7 November 2019, Thursday",07:04,16:22,09:18
"8 November 2019, Friday",07:06,16:21,09:14
"9 November 2019, Saturday",07:08,16:19,09:11
"10 November 2019, Sunday",07:10,16:18,09:08
"11 November 2019, Monday",07:11,16:16,09:04
"12 November 2019, Tuesday",07:13,16:15,09:01
"13 November 2019, Wednesday",07:15,16:13,08:58
"14 November 2019, Thursday",07:16,16:12,08:55
"15 November 2019, Friday",07:18,16:10,08:52
"16 November 2019, Saturday",07:20,16:09,08:49
"17 November 2019, Sunday",07:22,16:08,08:46
"18 November 2019, Monday",07:23,16:06,08:43
"19 November 2019, Tuesday",07:25,16:05,08:40
"20 November 2019, Wednesday",07:27,16:04,08:37
"21 November 2019, Thursday",07:28,16:03,08:34
"22 November 2019, Friday",07:30,16:02,08:31
"23 November 2019, Saturday",07:31,16:01,08:29
"24 November 2019, Sunday",07:33,16:00,08:26
"25 November 2019, Monday",07:35,15:59,08:24
"26 November 2019, Tuesday",07:36,15:58,08:21
"27 November 2019, Wednesday",07:38,15:57,08:19
"28 November 2019, Thursday",07:39,15:56,08:17
"29 November 2019, Friday",07:41,15:55,08:14
"30 November 2019, Saturday",07:42,15:55,08:12
"1 December 2019, Sunday",07:43,15:54,08:10
"2 December 2019, Monday",07:45,15:53,08:08
"3 December 2019, Tuesday",07:46,15:53,08:06
"4 December 2019, Wednesday",07:48,15:52,08:04
"5 December 2019, Thursday",07:49,15:52,08:03
"6 December 2019, Friday",07:50,15:51,08:01
"7 December 2019, Saturday",07:51,15:51,07:59
"8 December 2019, Sunday",07:52,15:51,07:58
"9 December 2019, Monday",07:54,15:51,07:56
"10 December 2019, Tuesday",07:55,15:50,07:55
"11 December 2019, Wednesday",07:56,15:50,07:54
"12 December 2019, Thursday",07:57,15:50,07:53
"13 December 2019, Friday",07:58,15:50,07:52
"14 December 2019, Saturday",07:59,15:50,07:51
"15 December 2019, Sunday",08:00,15:50,07:50
"16 December 2019, Monday",08:00,15:50,07:50
"17 December 2019, Tuesday",08:01,15:51,07:49
"18 December 2019, Wednesday",08:02,15:51,07:49
"19 December 2019, Thursday",08:03,15:51,07:48
"20 December 2019, Friday",08:03,15:52,07:48
"21 December 2019, Saturday",08:04,15:52,07:48
"22 December 2019, Sunday",08:04,15:53,07:48
"23 December 2019, Monday",08:05,15:53,07:48
"24 December 2019, Tuesday",08:05,15:54,07:48
"25 December 2019, Wednesday",08:05,15:54,07:48
"26 December 2019, Thursday",08:06,15:55,07:49
"27 December 2019, Friday",08:06,15:56,07:49
"28 December 2019, Saturday",08:06,15:57,07:50
"29 December 2019, Sunday",08:06,15:58,07:51
"30 December 2019, Monday",08:06,15:59,07:52
"31 December 2019, Tuesday",08:06,15:59,07:53
